{"name":"966ea241-db96-4751-9daf-9bc186a31c92","id":"/providers/Microsoft.Flow/flows/966ea241-db96-4751-9daf-9bc186a31c92","type":"Microsoft.Flow/flows","properties":{"apiId":"/providers/Microsoft.PowerApps/apis/shared_logicflows","displayName":"6.3.1 Send monthly THC outcomes via email","definition":{"metadata":{"workflowEntityId":null,"processAdvisorMetadata":null,"flowChargedByPaygo":null,"flowclientsuspensionreason":"None","flowclientsuspensiontime":null,"flowclientsuspensionreasondetails":null,"creator":{"id":"1c467e90-35d8-416f-bfe4-b7840a6f152a","type":"User","tenantId":"6e5b60f3-793e-42bb-8024-fe120adb9aa3"},"provisioningMethod":"FromDefinition","failureAlertSubscription":true,"clientLastModifiedTime":"2023-11-13T01:46:03.7108562Z","connectionKeySavedTimeKey":"2023-11-13T01:46:03.7108562Z"},"$schema":"https://schema.management.azure.com/providers/Microsoft.Logic/schemas/2016-06-01/workflowdefinition.json#","contentVersion":"1.0.0.0","parameters":{"$connections":{"defaultValue":{},"type":"Object"},"$authentication":{"defaultValue":{},"type":"SecureObject"}},"triggers":{"Recurrence":{"recurrence":{"frequency":"Month","interval":1,"timeZone":"E. Australia Standard Time","startTime":"2023-09-01T08:05:00Z"},"metadata":{"operationMetadataId":"2af3ba57-9ca5-4da1-8588-be83c188b78e"},"type":"Recurrence"}},"actions":{"Export_To_File_for_Paginated_Reports":{"runAfter":{"Compose":["Succeeded"]},"metadata":{"operationMetadataId":"16ab48ff-c7fb-4944-afd3-ae52f84642ff"},"type":"OpenApiConnection","inputs":{"host":{"apiId":"/providers/Microsoft.PowerApps/apis/shared_powerbi","connectionName":"shared_powerbi_1","operationId":"InitiateExportToFileForPaginatedReports"},"parameters":{"groupid":"e220b70f-92f7-4e44-9363-c2adfd0ce038","reportid":"dff8ca9f-0510-4680-b669-374dd1b3654f","ExportPayloadPaginatedReport/format":"PDF"},"authentication":"@parameters('$authentication')"}},"Send_an_email_(V2)":{"runAfter":{"Export_To_File_for_Paginated_Reports":["Succeeded"]},"metadata":{"operationMetadataId":"8c07f23a-09d4-421a-a315-ae9b32910c1a"},"type":"OpenApiConnection","inputs":{"host":{"apiId":"/providers/Microsoft.PowerApps/apis/shared_office365","connectionName":"shared_office365_1","operationId":"SendEmailV2"},"parameters":{"emailMessage/To":"@outputs('Compose')","emailMessage/Subject":"6.31 MH4L - Telephone Health Coach monthly outcomes","emailMessage/Body":"<p>The activity &amp; outcome statistics for the previous month of Telpehone Health Coach (THC) for My health 4 life is attached<br>\n<br>\nThis is an automated email.<br>\n<br>\nCheers,<br>\nJack</p>","emailMessage/From":"ServiceAccount_MH4lPBI@diabetesaustralia.com.au","emailMessage/Attachments":[{"Name":"@concat('6.3.1 MH4L THC Monthly Outcomes ', formatDateTime(utcNow(),'yyyy-MM-dd'), '.pdf')","ContentBytes":"@body('Export_To_File_for_Paginated_Reports')"}],"emailMessage/ReplyTo":"ServiceAccount_MH4lPBI@diabetesaustralia.com.au","emailMessage/Importance":"Normal"},"authentication":"@parameters('$authentication')"}},"Initialize_variable":{"runAfter":{},"metadata":{"operationMetadataId":"36e3f6ea-9ae3-4c1a-abd5-03147c857618"},"type":"InitializeVariable","inputs":{"variables":[{"name":"EmailList","type":"string"}]}},"List_rows_present_in_a_table":{"runAfter":{"Initialize_variable":["Succeeded"]},"metadata":{"012EP4SGWSRNZTCNWSSRF36UZQPPK4ZJ44":"/9. Information Technology/9.7 Data and Analytics/9.7.1 Scheduled Reports/8.1 Workplaces Codes - Audience.xlsx","operationMetadataId":"e4b33e5d-97ad-4e6d-9468-31ca1be78893","tableId":"{68259BCC-7B0E-408E-81D4-F2746D6DE167}","012EP4SGX72LXYBEGJCJBIPCD44FB3S3CE":"/9. Information Technology/9.7 Data and Analytics/9.7.1 Scheduled Reports/9.5 ECCQ referrals - Audience.xlsx","012EP4SGRBMX7HB64HQRBY5REMTFIKG6UP":"/8. Information Technology/8.7 Data and Analytics/8.7.1 Scheduled Reports/6.3.1 THC Monthly Outcomes - Audience.xlsx"},"type":"OpenApiConnection","inputs":{"host":{"apiId":"/providers/Microsoft.PowerApps/apis/shared_excelonlinebusiness","connectionName":"shared_excelonlinebusiness_1","operationId":"GetItems"},"parameters":{"source":"sites/diabetesaustralia.sharepoint.com,2cffebd2-25a0-4245-9813-b0548206b5a3,7875b9c1-fd4b-4f8d-9b90-ff44b9d1ccc2","drive":"b!0uv_LKAlRUKYE7BUgga1o8G5dXhL_Y1Pm5D_RLnRzMIJwWfSBlTFTqAg1pZRApSl","file":"012EP4SGRBMX7HB64HQRBY5REMTFIKG6UP","table":"{68259BCC-7B0E-408E-81D4-F2746D6DE167}"},"authentication":"@parameters('$authentication')"}},"Apply_to_each_2":{"foreach":"@outputs('List_rows_present_in_a_table')?['body/value']","actions":{"Append_to_string_variable":{"runAfter":{},"metadata":{"operationMetadataId":"56ff1e8e-df1f-4000-b36b-d107da7f71c0"},"type":"AppendToStringVariable","inputs":{"name":"EmailList","value":"@items('Apply_to_each_2')?['Recipients']"}},"Condition":{"actions":{},"runAfter":{"Append_to_string_variable":["Succeeded"]},"else":{"actions":{"Append_to_string_variable_2":{"runAfter":{},"metadata":{"operationMetadataId":"94fde1c1-a4bf-4b43-8f95-926a48509edb"},"type":"AppendToStringVariable","inputs":{"name":"EmailList","value":";"}}}},"expression":{"equals":["@length(split(variables('EmailList'),','))","@length(outputs('List_rows_present_in_a_table')?['body/value'])"]},"metadata":{"operationMetadataId":"b15aeb27-5041-4cf3-bbc0-356b96b52cad"},"type":"If"}},"runAfter":{"List_rows_present_in_a_table":["Succeeded"]},"metadata":{"operationMetadataId":"b0d616c6-189a-467b-87da-98700c316268"},"type":"Foreach"},"Compose":{"runAfter":{"Apply_to_each_2":["Succeeded"]},"metadata":{"operationMetadataId":"9005450d-02b6-4fbb-8b7c-402156057752"},"type":"Compose","inputs":"@variables('EmailList')"}},"outputs":{}},"connectionReferences":{"shared_powerbi_1":{"connectionName":"2ac9f8a0196f4c7f8c1cf8b976f79c7d","source":"Embedded","id":"/providers/Microsoft.PowerApps/apis/shared_powerbi","tier":"NotSpecified"},"shared_office365_1":{"connectionName":"5950b4d12ab24a13a35ccfd0d53f3729","source":"Embedded","id":"/providers/Microsoft.PowerApps/apis/shared_office365","tier":"NotSpecified"},"shared_excelonlinebusiness_1":{"connectionName":"5352d6facada4eb982f83222af48aab9","source":"Embedded","id":"/providers/Microsoft.PowerApps/apis/shared_excelonlinebusiness","tier":"NotSpecified"}},"flowFailureAlertSubscribed":false,"isManaged":false}}