{"name":"0d886560-927a-46aa-b8f8-6a2af7878414","id":"/providers/Microsoft.Flow/flows/0d886560-927a-46aa-b8f8-6a2af7878414","type":"Microsoft.Flow/flows","properties":{"apiId":"/providers/Microsoft.PowerApps/apis/shared_logicflows","displayName":"6.1.1 Group CEO records","definition":{"metadata":{"workflowEntityId":null,"processAdvisorMetadata":null,"flowChargedByPaygo":null,"flowclientsuspensionreason":"None","flowclientsuspensiontime":null,"flowclientsuspensionreasondetails":null,"creator":{"id":"1c467e90-35d8-416f-bfe4-b7840a6f152a","type":"User","tenantId":"6e5b60f3-793e-42bb-8024-fe120adb9aa3"},"provisioningMethod":"FromDefinition","failureAlertSubscription":true,"clientLastModifiedTime":"2023-12-06T23:32:00.9123246Z","connectionKeySavedTimeKey":"2023-12-06T23:32:00.9123246Z"},"$schema":"https://schema.management.azure.com/providers/Microsoft.Logic/schemas/2016-06-01/workflowdefinition.json#","contentVersion":"undefined","parameters":{"$connections":{"defaultValue":{},"type":"Object"},"$authentication":{"defaultValue":{},"type":"SecureObject"}},"triggers":{"Recurrence":{"recurrence":{"frequency":"Month","interval":1,"timeZone":"E. Australia Standard Time","startTime":"2023-12-04T00:00:00.000Z"},"metadata":{"operationMetadataId":"8d404312-9ddb-4213-8d70-082d0a94ce5f"},"type":"Recurrence"}},"actions":{"Run_a_query_against_6.1_KPIs":{"runAfter":{},"metadata":{"operationMetadataId":"0be0d28d-1691-4017-80b1-56448f83ca39"},"type":"OpenApiConnection","inputs":{"host":{"apiId":"/providers/Microsoft.PowerApps/apis/shared_powerbi","connectionName":"shared_powerbi","operationId":"ExecuteDatasetQuery"},"parameters":{"groupid":"a2b232b3-ca40-46ed-92eb-c646638a47f9","datasetid":"ea47edfa-2525-4899-85be-705a3db37bc0","specification/query":"EVALUATE\n\t'KPI GCEO'\n\nORDER BY\n\t'KPI GCEO'[KPI], 'KPI GCEO'[CTD], 'KPI GCEO'[FYTD], 'KPI GCEO'[MTD]","specification/serializerSettings/includeNulls":true},"authentication":"@parameters('$authentication')"}},"Run_a_query_against_6.2_Activity":{"runAfter":{},"metadata":{"operationMetadataId":"499c4a94-26fb-480c-bf1d-1f4a89f013e3"},"type":"OpenApiConnection","inputs":{"host":{"apiId":"/providers/Microsoft.PowerApps/apis/shared_powerbi","connectionName":"shared_powerbi","operationId":"ExecuteDatasetQuery"},"parameters":{"groupid":"a2b232b3-ca40-46ed-92eb-c646638a47f9","datasetid":"61ec8b20-f484-4dbb-b4f1-fe94084607ef","specification/query":"EVALUATE\n\t'Activity GCEO'\n\nORDER BY\n\t'Activity GCEO'[Activity],\n\t'Activity GCEO'[CTD],\n\t'Activity GCEO'[FYTD],\n\t'Activity GCEO'[MTD]","specification/serializerSettings/includeNulls":true},"authentication":"@parameters('$authentication')"}},"Create_CSV_-_KPIs":{"runAfter":{"Run_a_query_against_6.1_KPIs":["Succeeded"]},"metadata":{"operationMetadataId":"4714326f-c343-4fa7-a0f1-4ffbed0a6836"},"type":"Table","inputs":{"from":"@outputs('Run_a_query_against_6.1_KPIs')?['body/firstTableRows']","format":"CSV"}},"Create_CSV_-_Activity":{"runAfter":{"Run_a_query_against_6.2_Activity":["Succeeded"]},"metadata":{"operationMetadataId":"1cf05ba3-a112-4525-8a7d-9e43f3c9549e"},"type":"Table","inputs":{"from":"@outputs('Run_a_query_against_6.2_Activity')?['body/firstTableRows']","format":"CSV"}},"Send_an_email_(V2)":{"runAfter":{"Create_CSV_-_KPIs":["Succeeded"],"Create_CSV_-_Activity":["Succeeded"]},"metadata":{"operationMetadataId":"ecc9b350-d934-4e8f-8b30-dbf7aee62b60"},"type":"OpenApiConnection","inputs":{"host":{"apiId":"/providers/Microsoft.PowerApps/apis/shared_office365","connectionName":"shared_office365","operationId":"SendEmailV2"},"parameters":{"emailMessage/To":"JMacCormick@diabetesaustralia.com.au","emailMessage/Subject":"GCEO dashboard - MH4L data","emailMessage/Body":"<p>Monthly file exports for the GCEO All State dashboard, relating to My Health 4 Life, are attached.<br>\n<br>\nThis is an automated email.<br>\n<br>\nCheers,<br>\nJack<br>\n</p>","emailMessage/From":"ServiceAccount_MH4lPBI@diabetesaustralia.com.au","emailMessage/Attachments":[{"Name":"MH4L-KPIs-@{addDays(startOfMonth(utcNow()),-1,'yyyy-MM-dd')}.csv","ContentBytes":"@body('Create_CSV_-_KPIs')"},{"Name":"MH4L-Activity-@{addDays(startOfMonth(utcNow()),-1,'yyyy-MM-dd')}.csv","ContentBytes":"@body('Create_CSV_-_Activity')"}],"emailMessage/Importance":"Normal"},"authentication":"@parameters('$authentication')"}}}},"connectionReferences":{"shared_powerbi":{"connectionName":"shared-powerbi-d6b959a0-a336-4caf-95c2-331736630494","source":"Embedded","id":"/providers/Microsoft.PowerApps/apis/shared_powerbi","tier":"NotSpecified"},"shared_office365":{"connectionName":"shared-office365-d881f802-975a-4465-b6af-2695a6d04ee8","source":"Embedded","id":"/providers/Microsoft.PowerApps/apis/shared_office365","tier":"NotSpecified"}},"flowFailureAlertSubscribed":false,"isManaged":false}}